from,to,amount,timestamp
Uma,Dave,123.78,1753000164194
Heidi,Eve,2222.59,1753000538979
Xavier,Rahul,306.47,1753000780187
Bob,Alice,326.4,1753000922168
Quinn,Tom,128.28,1753001046416
Wendy,Uma,2118.91,1753001286365
Heidi,Oscar,1788.33,1753001309772
Yash,Zara,520.99,1753001551343
Karl,Ivan,508.66,1753001747815
Dave,Charlie,1170.79,1753001956023
Leo,Tom,830.34,1753001998803
Xavier,Oscar,1631.87,1753002217264
Charlie,Rahul,914.88,1753002566852
Tom,Leo,1753.19,1753002956250
Charlie,Bob,2000.73,1753003127972
Charlie,Heidi,2606.13,1753003347267
Ivan,Oscar,1925.27,1753003558544
Frank,Leo,1098.05,1753003929908
Ivan,Wendy,2813.13,1753004289665
Charlie,Tom,1923.19,1753004589708
Xavier,Heidi,532.04,1753004808651
Ivan,Uma,2080.08,1753004943792
Vik,Karl,2536.41,1753004993119
Heidi,Bob,2424.89,1753005223444
Ivan,Charlie,672.4,1753005540809
Wendy,Karl,677.25,1753005822549
Mona,Uma,1403.61,1753005981422
Eve,Heidi,2247.72,1753006284001
Ivan,Xavier,1774.53,1753006609940
Mona,Leo,697.0,1753006702465
Quinn,Priya,318.18,1753006747167
Dave,Eve,1900.97,1753007123935
Nina,Tom,237.41,1753007344013
Tom,Oscar,1610.89,1753007654062
Alice,Vik,2176.13,1753008031474
Rahul,Yash,837.13,1753008387522
Karl,Dave,915.83,1753008490442
Oscar,Alice,2863.76,1753008887761
Ivan,Quinn,2297.79,1753009173932
Dave,Uma,930.41,1753009528925
Quinn,Tom,636.79,1753009744963
Yash,Frank,1641.17,1753010043021
Alice,Tom,1006.26,1753010073232
Dave,Leo,2642.23,1753010254457
Heidi,Bob,760.57,1753010571915
Charlie,Xavier,1483.67,1753010628202
Yash,Rahul,2309.21,1753010715516
Vik,Priya,2843.2,1753010822090
Ivan,Quinn,2623.68,1753011063936
Grace,Rahul,2278.03,1753011445625
Grace,Wendy,969.56,1753011817782
Uma,Leo,1342.4,1753012109140
Oscar,Dave,781.32,1753012162708
Karl,Alice,1785.51,1753012303354
Sara,Heidi,71.21,1753012694466
Uma,Bob,725.38,1753012730935
Karl,Charlie,1566.76,1753012896937
Vik,Priya,682.0,1753012986306
Xavier,Sara,1749.82,1753013133706
Zara,Priya,2432.12,1753013253535
Dave,Vik,1321.6,1753013495612
Nina,Oscar,2598.32,1753013544013
Vik,Uma,2953.29,1753013615612
Bob,Mona,2198.23,1753013692900
Heidi,Grace,611.12,1753013948102
Eve,Nina,591.29,1753014210652
Heidi,Charlie,1357.24,1753014519180
Dave,Bob,1973.83,1753014822603
Alice,Charlie,2782.78,1753014966533
Frank,Nina,1482.64,1753015098598
Mona,Bob,535.68,1753015119728
Mona,Ivan,2783.23,1753015378283
Judy,Nina,2104.94,1753015689665
Vik,Wendy,1485.68,1753015809226
Judy,Grace,2907.69,1753016132883
Xavier,Rahul,229.82,1753016317302
Bob,Sara,1456.53,1753016615765
Frank,Bob,2884.3,1753016677766
Frank,Charlie,1805.35,1753017051771
Heidi,Mona,403.67,1753017370444
Heidi,Sara,1803.83,1753017715178
Charlie,Nina,1989.25,1753018031519
Quinn,Karl,2807.38,1753018158609
Vik,Wendy,976.84,1753018317867
Mona,Eve,2031.49,1753018495151
Oscar,Karl,2790.6,1753018553184
Alice,Oscar,1882.42,1753018868354
Dave,Charlie,1636.02,1753019153583
Ivan,Eve,2803.12,1753019209649
Heidi,Leo,890.71,1753019459383
Rahul,Wendy,942.43,1753019822254
Quinn,Alice,2020.2,1753020133025
Judy,Vik,355.58,1753020223432
Ivan,Dave,2674.65,1753020533480
Eve,Ivan,881.18,1753020663910
Wendy,Karl,650.61,1753021016433
Ivan,Quinn,1491.17,1753021063066
Charlie,Uma,1299.55,1753021228126
Bob,Alice,1033.99,1753021316713
Uma,Ivan,526.67,1753021568362
Rahul,Wendy,1311.68,1753021593431
Dave,Charlie,2837.9,1753021975724
Eve,Rahul,156.28,1753022189299
Sara,Rahul,486.88,1753022276117
Bob,Judy,1125.72,1753022317033
Leo,Grace,2062.1,1753022686698
Dave,Leo,2351.34,1753022919756
Tom,Xavier,505.93,1753023063874
Frank,Zara,2441.78,1753023300035
Alice,Frank,2222.87,1753023494195
Zara,Nina,2416.59,1753023644306
Ivan,Frank,2372.75,1753023720979
Mona,Bob,2582.85,1753023857598
Grace,Oscar,1081.49,1753023996923
Heidi,Alice,1997.1,1753024225833
Karl,Ivan,2599.84,1753024392174
Leo,Uma,1552.75,1753024768437
Rahul,Karl,2820.75,1753024848909
Ivan,Frank,1762.74,1753025008089
Bob,Dave,1809.89,1753025209328
Xavier,Zara,975.35,1753025547156
Quinn,Dave,1186.33,1753025869454
Grace,Ivan,180.94,1753026118073
Alice,Quinn,2780.45,1753026420376
Vik,Xavier,2823.78,1753026791978
Grace,Leo,1322.33,1753027160229
Karl,Tom,976.05,1753027245568
Xavier,Judy,1546.01,1753027615211
Nina,Karl,1237.08,1753027790219
Rahul,Eve,615.93,1753028158833
Mona,Vik,2257.0,1753028270073
Tom,Sara,937.8,1753028577349
Alice,Judy,896.4,1753028822734
Zara,Sara,1839.65,1753029011685
Oscar,Vik,680.42,1753029279770
Zara,Xavier,550.59,1753029344227
Judy,Quinn,2008.37,1753029688898
Karl,Charlie,2464.35,1753029832036
Vik,Judy,712.69,1753029956437
Eve,Alice,186.33,1753030225545
Tom,Yash,264.84,1753030462831
Uma,Sara,623.58,1753030847921
Mona,Priya,1228.98,1753030945290
Uma,Wendy,66.36,1753031021172
Yash,Nina,695.58,1753031406030
Quinn,Oscar,198.14,1753031556681
Dave,Oscar,443.35,1753031820287
Vik,Quinn,2964.28,1753032152475
Karl,Yash,2679.71,1753032493681
Xavier,Quinn,1308.89,1753032800923
Oscar,Frank,2243.78,1753033069789
Oscar,Ivan,2267.74,1753033424107
Ivan,Yash,2344.14,1753033698175
Uma,Heidi,860.06,1753033758798
Wendy,Judy,741.76,1753033954878
Karl,Rahul,287.7,1753034053956
Heidi,Mona,2097.15,1753034444323
Grace,Charlie,1273.86,1753034637800
Rahul,Oscar,1276.53,1753034766240
Nina,Mona,2719.27,1753035092465
Wendy,Alice,2577.36,1753035414292
Mona,Priya,67.39,1753035618714
Judy,Yash,1200.46,1753035858401
Rahul,Xavier,2217.17,1753036194679
Heidi,Priya,697.29,1753036443182
Priya,Alice,1197.13,1753036813864
Vik,Zara,1242.73,1753036920394
Oscar,Eve,2943.13,1753037220428
Alice,Mona,1796.08,1753037588030
Alice,Charlie,1946.11,1753037679175
Oscar,Frank,198.34,1753037897934
Karl,Grace,1391.36,1753038094881
Yash,Mona,870.86,1753038335902
Ivan,Charlie,1437.41,1753038638712
Bob,Leo,711.46,1753038694687
Yash,Uma,168.76,1753038730955
Heidi,Grace,2525.73,1753039076713
Eve,Heidi,422.35,1753039447702
Dave,Sara,2845.88,1753039711513
Wendy,Ivan,2312.35,1753039819482
Tom,Xavier,2169.15,1753039925342
Judy,Dave,1757.12,1753040108897
Sara,Vik,2728.68,1753040325665
Mona,Wendy,635.07,1753040656094
Wendy,Uma,766.41,1753041041623
Yash,Judy,2558.37,1753041376411
Zara,Dave,2398.87,1753041693122
Zara,Bob,1074.25,1753041937715
Vik,Leo,253.42,1753042297214
Karl,Alice,2556.25,1753042574220
Dave,Nina,2884.32,1753042927449
Oscar,Wendy,501.32,1753043039795
Xavier,Quinn,2898.15,1753043201395
Tom,Zara,2762.87,1753043474886
Oscar,Nina,2485.92,1753043805513
Ivan,Karl,2562.55,1753043870949
Ivan,Oscar,769.4,1753044134590
Sara,Tom,2021.16,1753044330958
Alice,Priya,2560.31,1753044446294
Priya,Grace,1096.73,1753044601745
Karl,Ivan,2646.94,1753044989367
Ivan,Rahul,79.95,1753045109535
Charlie,Heidi,2174.22,1753045385690
Rahul,Yash,758.96,1753045655299
Uma,Wendy,1497.92,1753045684339
Charlie,Judy,703.71,1753046067034
Heidi,Judy,2008.68,1753046280506
Priya,Rahul,1616.22,1753046523592
Xavier,Rahul,1025.83,1753046912090
Oscar,Ivan,954.54,1753047052958
Dave,Xavier,618.12,1753047135639
Xavier,Rahul,2855.09,1753047517483
Frank,Grace,688.33,1753047791342
Ivan,Xavier,1789.28,1753048086402
Tom,Judy,2942.51,1753048208175
Judy,Heidi,1114.6,1753048386650
Alice,Wendy,1625.7,1753048550468
Bob,Rahul,911.8,1753048636674
Uma,Yash,1498.09,1753048663104
Sara,Judy,1434.72,1753048914036
Karl,Frank,2898.22,1753049066407
Priya,Dave,2475.24,1753049296493
Priya,Charlie,1752.21,1753049676391
Bob,Eve,490.13,1753049991481
Judy,Charlie,2982.06,1753050073583
Rahul,Yash,1277.71,1753050406125
Zara,Tom,715.78,1753050700103
Mona,Oscar,2730.09,1753050876001
Sara,Nina,950.87,1753051221598
Bob,Tom,2882.32,1753051293624
Yash,Grace,1895.27,1753051452374
Vik,Charlie,513.32,1753051563502
Rahul,Charlie,511.77,1753051797682
Oscar,Wendy,1801.74,1753051970385
Bob,Heidi,899.91,1753052138610
Wendy,Oscar,259.98,1753052280991
Ivan,Zara,2384.18,1753052610210
Vik,Zara,2804.32,1753052853105
Dave,Rahul,713.19,1753052951218
Ivan,Eve,260.66,1753053058209
Zara,Judy,1805.38,1753053376637
Judy,Oscar,416.84,1753053757702
Judy,Wendy,1237.4,1753053920437
Quinn,Rahul,1506.7,1753053982611
Tom,Bob,2673.8,1753054171600
Tom,Ivan,126.3,1753054311622
Vik,Sara,1782.01,1753054342498
Yash,Vik,2473.19,1753054664617
Bob,Yash,2280.99,1753054931294
Quinn,Uma,1354.58,1753055097128
Frank,Sara,1335.86,1753055374933
Charlie,Priya,1076.49,1753055569682
Karl,Vik,358.57,1753055674000
Karl,Nina,2096.34,1753055845109
Vik,Mona,2450.02,1753056153518
Bob,Oscar,309.78,1753056305847
Karl,Dave,2912.04,1753056537751
Quinn,Alice,1990.1,1753056842226
Oscar,Nina,209.9,1753057134037
Leo,Tom,2281.51,1753057481931
Oscar,Yash,202.25,1753057641945
Rahul,Eve,2786.63,1753057891644
Wendy,Priya,408.21,1753058241957
Tom,Zara,755.93,1753058344992
Judy,Rahul,90.34,1753058578896
Charlie,Heidi,2977.16,1753058658382
Oscar,Dave,1960.74,1753058759107
Priya,Wendy,910.99,1753059148945
Ivan,Nina,2512.44,1753059416524
Heidi,Oscar,1676.23,1753059637633
Grace,Tom,1549.31,1753059729202
Charlie,Ivan,2329.39,1753059966751
Karl,Zara,1547.83,1753059988095
Judy,Xavier,930.74,1753060315819
Sara,Vik,1494.44,1753060413725
Oscar,Rahul,1478.81,1753060608019
Rahul,Yash,1653.12,1753060866750
Karl,Grace,2943.29,1753061011952
Sara,Mona,739.01,1753061247316
Bob,Karl,2246.88,1753061637058
Zara,Mona,1188.93,1753062005022
Zara,Uma,2943.41,1753062284716
Bob,Eve,1531.76,1753062614140
Karl,Dave,2628.86,1753062864987
Dave,Quinn,2735.8,1753062893033
Xavier,Eve,1259.44,1753063256326
Eve,Charlie,1435.0,1753063415274
Karl,Tom,2093.48,1753063775975
Charlie,Karl,2564.41,1753064075746
Mona,Karl,1899.06,1753064351571
Rahul,Bob,1871.51,1753064494658
Uma,Vik,2766.74,1753064633926
Xavier,Charlie,1330.22,1753064705538
Yash,Uma,2126.48,1753064778232
Oscar,Frank,2097.3,1753064813408
Bob,Karl,2398.62,1753064987217
Leo,Nina,479.43,1753065285701
Nina,Sara,2061.31,1753065400102
Frank,Charlie,1848.0,1753065620665
Tom,Vik,760.45,1753065946407
Eve,Heidi,1410.39,1753066099564
Oscar,Ivan,2017.18,1753066363490
Judy,Vik,1662.46,1753066422214
Oscar,Leo,2963.57,1753066599056
Uma,Nina,2086.42,1753066858569
Judy,Grace,2998.15,1753067131909
Dave,Heidi,1175.02,1753067340106
Sara,Judy,2978.44,1753067514891
Alice,Vik,1217.63,1753067539136
Sara,Vik,2346.02,1753067584849
Tom,Xavier,1515.35,1753067754897
Yash,Zara,728.85,1753067959614
Heidi,Uma,610.89,1753068111014
Vik,Yash,2176.74,1753068476614
Vik,Eve,1903.33,1753068825582
Uma,Bob,961.35,1753069076700
Bob,Sara,1126.34,1753069165597
Charlie,Judy,1013.82,1753069403440
Frank,Grace,439.87,1753069706245
Leo,Quinn,1530.29,1753069869127
Frank,Ivan,2746.44,1753070141754
Zara,Judy,2252.35,1753070339338
Zara,Dave,1431.58,1753070398816
Eve,Yash,2901.18,1753070773404
Xavier,Vik,2940.83,1753071085596
Leo,Charlie,2382.51,1753071112893
Ivan,Rahul,414.59,1753071326138
Vik,Xavier,2033.41,1753071652615
Mona,Uma,2823.86,1753071729419
Vik,Heidi,1440.86,1753072074239
Rahul,Karl,2750.0,1753072210299
Uma,Charlie,1924.44,1753072473708
Wendy,Judy,1965.26,1753072554879
Eve,Bob,2841.47,1753072734453
Priya,Dave,336.72,1753073036282
Eve,Mona,1388.25,1753073407809
Xavier,Wendy,2840.62,1753073647552
Sara,Xavier,2193.47,1753073885070
Uma,Dave,2509.39,1753074227849
Nina,Ivan,146.51,1753074442113
Grace,Oscar,1361.85,1753074585904
Leo,Dave,2943.74,1753074798493
Rahul,Uma,1108.09,1753075027232
Ivan,Grace,2906.21,1753075285634
Charlie,Vik,675.71,1753075640912
Tom,Alice,199.21,1753075835766
Heidi,Eve,2371.59,1753075963352
Charlie,Yash,1684.91,1753076290785
Grace,Heidi,1019.25,1753076388145
Zara,Tom,58.36,1753076484003
Eve,Rahul,789.43,1753076595489
Dave,Vik,2606.02,1753076684591
Alice,Leo,2380.45,1753076829335
Sara,Karl,96.55,1753076988464
Bob,Eve,2238.07,1753077284284
Dave,Xavier,237.5,1753077539309
Yash,Leo,1564.05,1753077616484
Oscar,Quinn,703.57,1753077958977
Bob,Xavier,2360.52,1753078324431
Quinn,Judy,1401.23,1753078360762
Bob,Priya,2549.53,1753078604252
Vik,Dave,1496.29,1753078856806
Charlie,Karl,1844.48,1753078911242
Eve,Ivan,1891.74,1753079238141
Rahul,Wendy,1009.3,1753079571346
Quinn,Judy,1388.46,1753079908764
Nina,Dave,2389.63,1753079988749
Uma,Yash,1676.44,1753080121483
Nina,Oscar,2669.87,1753080358440
Karl,Oscar,1226.25,1753080428292
Karl,Nina,971.94,1753080581927
Leo,Eve,2076.12,1753080850579
Charlie,Nina,334.87,1753081065953
Zara,Eve,1691.29,1753081393429
Rahul,Karl,2026.54,1753081628811
Leo,Vik,2826.33,1753081870551
Xavier,Bob,2906.78,1753082205338
Judy,Leo,355.62,1753082491368
Grace,Eve,1987.37,1753082628936
Dave,Leo,2543.85,1753082841643
Dave,Yash,871.78,1753082980215
Zara,Nina,2543.21,1753083326177
Tom,Vik,1945.96,1753083359941
Tom,Vik,2496.91,1753083520160
Alice,Frank,856.15,1753083702156
Karl,Leo,68.01,1753083797261
Sara,Vik,1232.31,1753083891644
Xavier,Uma,2916.84,1753083959751
Xavier,Quinn,684.64,1753084199864
Oscar,Karl,514.36,1753084383251
Xavier,Karl,2341.67,1753084700833
Tom,Charlie,2655.86,1753084802401
Frank,Yash,1872.62,1753085175754
Charlie,Ivan,1357.18,1753085418059
Priya,Tom,1354.03,1753085581277
Grace,Yash,1561.42,1753085782246
Nina,Dave,885.58,1753086157968
Sara,Priya,1604.46,1753086339668
Bob,Heidi,1216.03,1753086673886
Bob,Alice,653.05,1753086804633
Yash,Eve,41038.11,1753086910509
Karl,Dave,12293.74,1753087053402
Frank,Eve,26447.88,1753087143724
Quinn,Rahul,43667.46,1753087266566
Charlie,Mona,44747.05,1753087307655
Nina,Alice,29470.66,1753087358066
Karl,Leo,400.5,1753087819929
Karl,Nina,392.39,1753088215547
Karl,Dave,114.6,1753088487900
Karl,Leo,660.93,1753088638011
Karl,Uma,682.42,1753088939234
Karl,Mona,405.7,1753089045439
Karl,Dave,404.97,1753089233006
Priya,Rahul,115.73,1753089647981
Priya,Judy,249.16,1753089936183
Priya,Karl,255.82,1753090054266
Priya,Rahul,226.64,1753090134288
Priya,Zara,4500,1753090224288
Nina,Oscar,2500,1753090484288
Oscar,Quinn,2400,1753090544288
Quinn,Nina,2300,1753090604288
Eve,Frank,1800,1753090984288
Frank,Grace,1750,1753091029288
Grace,Heidi,1700,1753091074288
Heidi,Eve,1650,1753091119288
Quinn,Grace,2722.47,1753091522461
Leo,Xavier,2876.76,1753091880859
Eve,Heidi,353.27,1753092035060
Grace,Frank,1827.08,1753092398735
Charlie,Frank,2856.31,1753092747961
Priya,Oscar,2275.62,1753093071769
Oscar,Vik,2776.26,1753093387725
Uma,Tom,1003.46,1753093736567
Karl,Eve,1347.3,1753094002416
Oscar,Uma,943.32,1753094166424
Sara,Bob,1088.23,1753094225321
Judy,Oscar,1383.15,1753094275147
Leo,Judy,276.36,1753094342488
Tom,Quinn,1184.22,1753094666747
Rahul,Zara,2229.82,1753094708254
Oscar,Zara,1736.39,1753094826945
Karl,Tom,1453.11,1753094926039
Bob,Oscar,355.33,1753095126099
Wendy,Charlie,1538.42,1753095236569
Bob,Heidi,2137.48,1753095486952
Quinn,Tom,518.3,1753095702433
Judy,Mona,1255.87,1753095899834
Vik,Tom,204.48,1753096250600
Uma,Karl,244.44,1753096320148
Rahul,Vik,1190.36,1753096472266
Xavier,Vik,2895.01,1753096808254
Eve,Karl,290.43,1753097176177
Eve,Leo,965.18,1753097540138
Wendy,Vik,1206.28,1753097872110
Wendy,Charlie,963.27,1753098089598
Uma,Zara,1019.01,1753098176598
Vik,Wendy,2495.43,1753098555952
Quinn,Charlie,1955.77,1753098797938
Quinn,Leo,103.78,1753098979872
Frank,Grace,1058.11,1753099254818
Grace,Heidi,2999.93,1753099356053
Charlie,Judy,2541.06,1753099429079
Quinn,Yash,1642.32,1753099725133
Bob,Vik,1043.45,1753100069159
Eve,Tom,1161.32,1753100174223
Frank,Wendy,2324.74,1753100281013
Xavier,Oscar,178.89,1753100492010
Vik,Xavier,750.71,1753100744898
Tom,Judy,2269.55,1753101000265
Heidi,Rahul,755.55,1753101266164
Grace,Leo,2051.01,1753101585228
Oscar,Yash,881.23,1753101805439
Quinn,Nina,2900.49,1753101930138
Zara,Tom,458.28,1753102081211
Bob,Uma,1467.74,1753102295833
Rahul,Dave,2148.63,1753102586318
Dave,Judy,297.43,1753102690367
Ivan,Oscar,2720.65,1753102787620
Nina,Charlie,2841.92,1753102924031
Oscar,Leo,2794.89,1753103161556
Bob,Mona,1530.92,1753103305171
Mona,Charlie,1155.99,1753103339949
Karl,Dave,2525.57,1753103700715
Karl,Zara,480.85,1753103740796
Judy,Priya,2103.41,1753103833563
Yash,Wendy,1433.87,1753104176182
Alice,Charlie,106.06,1753104309247
Eve,Rahul,2823.67,1753104648475
Quinn,Nina,378.0,1753104819523
Heidi,Judy,409.45,1753104964533
Nina,Uma,2392.0,1753105224192
Charlie,Dave,2518.23,1753105506246
Tom,Rahul,98.48,1753105796451
Sara,Heidi,2169.71,1753105969161
Nina,Alice,1863.69,1753106115285
Sara,Nina,602.58,1753106485622
Charlie,Quinn,2925.23,1753106541105
Quinn,Rahul,1546.62,1753106827245
Rahul,Alice,1201.84,1753107093731
Bob,Uma,1191.3,1753107309448
Ivan,Xavier,97.91,1753107364868
Leo,Heidi,2212.18,1753107714255
Dave,Yash,1766.61,1753107908590
Eve,Bob,1089.28,1753108106086
Uma,Frank,2499.63,1753108485056
Oscar,Wendy,1461.67,1753108600622
Zara,Eve,236.15,1753108860577
Bob,Judy,644.69,1753108985156
Bob,Karl,2803.44,1753109275365
Mona,Rahul,1446.53,1753109314564
Yash,Uma,613.76,1753109521721
Yash,Bob,2604.1,1753109715745
Ivan,Dave,2408.06,1753109964833
Mona,Xavier,1347.22,1753110187546
Karl,Frank,1513.8,1753110468391
Leo,Zara,1581.86,1753110531703
Xavier,Nina,282.83,1753110867562
Frank,Rahul,916.61,1753110941352
Charlie,Karl,1999.71,1753111122044
Oscar,Tom,2167.11,1753111229413
Wendy,Oscar,1087.06,1753111271619
Xavier,Leo,1863.81,1753111519653
Ivan,Uma,2941.08,1753111569725
Charlie,Vik,1930.66,1753111780204
Quinn,Zara,2262.2,1753111884083
Alice,Eve,2553.57,1753112259596
Zara,Oscar,152.66,1753112314845
Heidi,Yash,1953.23,1753112524716
Mona,Sara,145.54,1753112625161
Vik,Oscar,2849.03,1753112840203
Oscar,Yash,276.81,1753112932394
Quinn,Leo,1224.2,1753113292950
Ivan,Heidi,2883.53,1753113326536
Xavier,Frank,1522.18,1753113549428
Rahul,Dave,822.24,1753113705894
Wendy,Oscar,682.98,1753114046693
Judy,Wendy,2753.61,1753114324223
Grace,Dave,450.4,1753114383047
Oscar,Frank,2701.1,1753114636413
Charlie,Zara,2061.69,1753114823969
Vik,Leo,2143.14,1753115132325
Rahul,Judy,2679.43,1753115234903
Wendy,Uma,563.57,1753115444429
Quinn,Heidi,408.02,1753115569800
Zara,Eve,748.37,1753115848809
Alice,Leo,1684.36,1753116062224
Oscar,Zara,2949.89,1753116150261
Tom,Charlie,243.96,1753116379011
Wendy,Xavier,1462.06,1753116614385
Yash,Nina,2478.85,1753116673051
Eve,Karl,1944.9,1753116928967
Oscar,Vik,1576.21,1753117016251
Yash,Rahul,1937.39,1753117131652
Yash,Eve,1326.22,1753117180704
Dave,Quinn,501.4,1753117287031
Frank,Karl,2807.48,1753117425242
Leo,Quinn,2690.03,1753117486587
Ivan,Grace,1923.42,1753117795386
Ivan,Eve,1893.82,1753118137523
Rahul,Charlie,1532.59,1753118245936
Sara,Eve,555.04,1753118593342
Xavier,Tom,1045.98,1753118908840
Bob,Alice,289.61,1753119265146
Yash,Sara,830.73,1753119395670
Yash,Sara,1278.93,1753119750685
Alice,Priya,2672.54,1753120056724
Judy,Uma,2872.12,1753120329926
Heidi,Zara,2431.68,1753120562835
Judy,Oscar,265.27,1753120614246
Frank,Oscar,1276.08,1753120877747
Grace,Karl,1839.65,1753121061630
Wendy,Karl,2215.89,1753121262703
Mona,Eve,2293.96,1753121552700
Rahul,Dave,991.39,1753121817265
Dave,Ivan,1376.31,1753121911125